GEM plant ID,production_2024_ttpa,steel_capacity_ttpa,iron_capacity_ttpa,eaf_capacity_ttpa,workforce,plant_age,country,equipment,active_status
P100000120620,2000.0,7800.0,4000.0,0.0,11000.0,61.0,Italy,BF; BOF; DRI; EAF,operating pre-retirement
P100000121029,475.0,850.0,0.0,850.0,1319.0,60.0,South Africa,EAF,operating
P100000120454,294.0,1200.0,0.0,1200.0,1746.0,56.0,Spain,EAF,operating
P100000120768,1113.0,1250.0,0.0,1250.0,730.0,39.0,Peru,DRI; EAF,operating
P100000120423,1139.0,2760.0,4782.0,0.0,3600.0,57.0,Germany,BF; BOF; DRI; EAF,operating pre-retirement
P100000120494,233.0,500.0,0.0,500.0,1080.0,32.0,Guatemala,EAF,operating
P100000120644,956.0,1495.0,0.0,1495.0,965.0,83.0,Japan,EAF,operating
P100000120439,1903.0,2100.0,2500.0,2100.0,2800.0,9.0,Algeria,DRI; EAF,operating
P100000121232,167.0,600.0,0.0,0.0,757.0,15.0,Pakistan,IF; Steel other/unspecified,operating
P100000120803,970.0,1150.0,0.0,1150.0,2277.0,84.0,Russia,DRI; EAF,operating
P100000120053,575.0,900.0,701.0,900.0,3598.0,77.0,Brazil,BF; EAF,operating
P100000120006,700.0,2000.0,600.0,2000.0,1594.0,80.0,Argentina,DRI; EAF,operating
P100000120459,2801.0,4200.0,0.0,0.0,3205.0,76.0,Spain,BOF,operating
P100000120452,799.0,1200.0,4700.0,0.0,3375.0,55.0,Spain,BF; BOF; DRI; EAF,both
P100000120050,400.0,800.0,0.0,800.0,232.0,89.0,Brazil,EAF,operating
P100000120426,3100.0,3960.0,3900.0,0.0,3100.0,69.0,Germany,BF; BOF; DRI; EAF,operating
P100000120785,3800.0,5001.0,2300.0,0.0,8800.0,50.0,Poland,BF; BOF,operating
P100000120714,1100.0,1350.0,0.0,1350.0,800.0,130.0,Luxembourg,EAF,operating
P100000120058,3100.0,4050.0,2929.0,1350.0,5000.0,114.0,Canada,BF; BOF; DRI; EAF,both
P100000120428,1000.0,1300.0,0.0,0.0,800.0,174.0,Germany,BOF; EAF,operating pre-retirement
P100000120425,1800.0,2400.0,1825.0,0.0,2700.0,76.0,Germany,BF; BOF; DRI; EAF,operating
P100000120715,800.0,2250.0,0.0,2250.0,1000.0,115.0,Luxembourg,EAF,both
P100000120027,5200.0,5200.0,5000.0,0.0,1933.0,60.0,Belgium,BF; BOF; DRI; EAF,operating
P100000120427,800.0,1100.0,600.0,1100.0,530.0,57.0,Germany,DRI; EAF,operating
P100000120045,950.0,1100.0,360.0,1100.0,1000.0,42.0,Brazil,BF; EAF,operating
P100000120906,1650.0,1083.0,3618.0,0.0,22000.0,92.0,Ukraine,BF; BOF; Steel other/unspecified,operating
P100000120725,2500.0,6500.0,4652.0,4000.0,8000.0,49.29,Mexico,BF; BOF; DRI; EAF,operating
P100000120035,1100.0,1200.0,1040.0,0.0,975.0,89.0,Brazil,BF; BOF; EAF,operating
P100000120057,1900.0,2400.0,1650.0,2400.0,1900.0,112.0,Canada,DRI; EAF,operating
P100000121027,939.0,0.0,0.0,0.0,1896.0,54.84,South Africa,BF; BOF; EAF,no active capacity
P100000120513,7544.0,9600.0,11570.0,4600.0,7000.0,31.0,India,BF; BOF; DRI; EAF; Iron other/unspecified; Steel other/unspecified,operating
P100000120458,1000.0,1450.0,0.0,1450.0,500.0,34.0,Spain,EAF,operating
P100000120040,3036.0,3046.0,3192.0,0.0,2500.0,10.0,Brazil,BF; BOF,operating
P100000120041,950.0,1100.0,0.0,1100.0,500.0,71.0,Brazil,EAF,operating
P100000120036,500.0,1000.0,0.0,1000.0,668.0,17.0,Brazil,EAF,operating
P100000120453,300.0,2000.0,0.0,2000.0,250.0,124.0,Spain,EAF,operating
P100000120719,700.0,800.0,0.0,800.0,729.0,21.0,Morocco,EAF,operating
P100000120034,6936.0,7500.0,7280.0,0.0,5000.0,43.0,Brazil,BF; BOF,operating
P100000121028,2600.0,3360.0,3860.0,0.0,4500.0,72.38,South Africa,BF; BOF; DRI; EAF,both
P100000120790,462.0,750.0,0.0,750.0,535.0,69.0,Poland,EAF,operating
P100000120568,377.0,1005.0,1024.0,0.0,1800.0,13.3,India,BF; BOF,operating
P100000120825,485.0,1000.0,0.0,1000.0,4226.0,126.0,Russia,EAF,operating
P100000120046,498.0,600.0,720.0,0.0,3000.0,11.0,Brazil,BF; BOF,operating
P100000120067,400.0,520.0,0.0,520.0,667.0,26.68,Chile,EAF,operating
P100000120016,352.0,800.0,0.0,800.0,2000.0,25.0,Azerbaijan,EAF,operating
P100000120817,961.0,1250.0,0.0,1250.0,4100.0,13.0,Russia,EAF,operating
P100000120223,10723.0,13440.0,12841.0,1040.0,17044.0,28.65,China,BF; BOF; EAF,both
P100000120483,4500.0,4500.0,3000.0,0.0,3000.0,162.0,United Kingdom,BF; BOF; EAF,operating pre-retirement
P100000120022,863.0,1150.0,0.0,0.0,1250.0,9.72,Bangladesh,IF,operating
P100000120056,2330.0,3000.0,0.0,3000.0,11789.0,42.0,Belarus,EAF,operating
P100000120984,500.0,860.0,0.0,860.0,280.0,58.0,United States,EAF,operating
P100000120456,1803.0,2500.0,0.0,2500.0,850.0,69.0,Spain,EAF,operating
P100000120474,790.0,1200.0,0.0,1200.0,311.0,61.0,France,EAF,operating
P100000120462,541.0,750.0,0.0,750.0,650.0,127.0,Spain,EAF,operating
P100000120788,804.0,1220.0,0.0,1220.0,1804.0,213.0,Poland,EAF,operating
P100000120467,721.0,1000.0,0.0,1000.0,330.0,55.0,Spain,EAF,operating
P100000120074,7583.0,8400.0,9735.0,0.0,5341.0,29.0,China,BF; BOF,operating
P100000120923,3848.0,5001.0,4960.0,0.0,4039.0,62.0,United States,BF; BOF,operating
P100000120919,308.0,908.0,0.0,908.0,1300.0,118.0,United States,EAF,operating
P100000120927,2617.0,4100.0,2810.0,0.0,2100.0,113.0,United States,BF; BOF,operating
P100000120924,154.0,800.0,0.0,800.0,754.0,216.0,United States,EAF,operating
P100000120920,2309.0,0.0,0.0,0.0,581.0,106.0,United States,BF; BOF,no active capacity
P100000120926,2957.0,6800.0,4200.0,0.0,3431.0,125.0,United States,BF; BOF; EAF,operating
P100000120061,1924.0,2500.0,2400.0,0.0,1250.0,46.0,Canada,BF; BOF,operating
P100000120971,385.0,546.0,0.0,546.0,413.0,102.0,United States,EAF,operating
P100000120921,2309.0,3000.0,2090.0,0.0,2363.0,125.0,United States,BF; BOF; DRI,operating
P100000120922,539.0,0.0,0.0,0.0,305.0,109.0,United States,BOF,no active capacity
P100000120925,231.0,0.0,0.0,0.0,577.0,160.0,United States,EAF,no active capacity
P100000120867,3000.0,4500.0,0.0,4500.0,,57.0,Türkiye,EAF,operating
P100000120039,3349.0,6251.0,5580.0,500.0,15518.0,80.0,Brazil,BF; BOF; EAF,operating
P100000121170,717.0,1000.0,0.0,1000.0,253.0,18.22,South Korea,EAF,operating
P100000120726,1770.0,2300.0,0.0,2300.0,500.0,28.0,Mexico,EAF,operating
P100000120730,910.0,2200.0,0.0,2200.0,500.0,40.0,Mexico,EAF,operating
P100000121031,1.0,600.0,600.0,600.0,2200.0,1.72,Zimbabwe,BF; EAF; Steel other/unspecified,operating
P100000120898,4389.0,6081.0,5000.0,1080.0,3224.0,33.0,Taiwan,BF; BOF; EAF,operating
P100001042874,73.0,200.0,0.0,200.0,869.0,64.0,Tunisia,EAF,operating
P100000120534,1337.0,1500.0,1568.0,0.0,8895.0,20.0,India,BF; BOF; Steel other/unspecified,operating
P100000120001,3254.0,3500.0,4200.0,3500.0,3703.0,23.0,United Arab Emirates,DRI; EAF,operating
P100000120871,3200.0,3801.0,3575.0,0.0,5600.0,61.0,Türkiye,BF; BOF; EAF,operating
P100000120436,1125.0,1400.0,0.0,1400.0,737.0,34.0,Germany,EAF,operating
P100000121236,714.0,1080.0,0.0,1080.0,898.0,56.0,India,EAF,operating
P100000120632,482.0,600.0,0.0,600.0,150.0,54.0,Italy,EAF,operating
P100000120626,977.0,1216.0,0.0,1216.0,421.0,58.0,Italy,EAF,operating
P100000120792,288.0,500.0,0.0,500.0,81.0,33.0,Poland,EAF,operating
P100000120228,604.0,999.0,0.0,999.0,6342.0,89.0,China,EAF,operating
P100000120082,8790.0,7650.0,5560.0,1200.0,16221.0,27.0,China,BF; BOF; EAF,operating
P100000120033,3250.0,3600.0,4348.0,0.0,8500.0,40.0,Brazil,BF; BOF,operating
P100000120980,657.0,908.0,0.0,908.0,764.0,30.0,United States,EAF,operating
P100000120727,750.0,1000.0,0.0,1000.0,1545.0,11.0,Mexico,EAF,operating
P100000120735,210.0,500.0,0.0,500.0,548.0,42.0,Mexico,EAF,operating
P100000120042,845.0,936.0,0.0,936.0,1500.0,55.0,Brazil,EAF,operating
P100000120047,388.0,600.0,430.0,0.0,920.0,73.0,Brazil,BF; BOF,operating
P100000120982,376.0,505.0,0.0,505.0,437.0,42.0,United States,EAF,operating
P100001044952,472.0,629.0,0.0,629.0,549.0,45.0,United States,EAF,operating
P100000120931,1057.0,1500.0,0.0,1500.0,1228.0,56.0,United States,EAF,operating
P100000120983,548.0,730.0,0.0,730.0,637.0,46.0,United States,EAF,operating
P100000120932,617.0,821.0,0.0,821.0,717.0,28.0,United States,EAF,operating
P100000120055,420.0,530.0,0.0,530.0,2500.0,46.0,Brazil,EAF,operating
P100000120048,858.0,950.0,0.0,950.0,370.0,20.0,Brazil,EAF,operating
P100000120769,511.0,750.0,0.0,750.0,791.0,68.0,Peru,BF; DRI; EAF,operating
P100000120009,292.0,650.0,0.0,650.0,716.0,9.0,Argentina,EAF,operating
P100000120796,229.0,0.0,0.0,0.0,5600.0,58.0,Romania,BF; BOF; DRI; EAF,no active capacity
P100000120736,374.0,1375.0,0.0,1375.0,2250.0,22.0,Mexico,EAF,operating
P100000120733,356.0,1140.0,0.0,1140.0,598.0,7.64,Mexico,EAF,operating
P100000120737,492.0,816.0,0.0,816.0,598.0,33.0,Mexico,EAF,operating
P100001062853,266.0,520.0,0.0,520.0,65.0,21.81,China,EAF,operating
P100000120499,661.0,2800.0,2000.0,1820.0,5000.0,40.0,Indonesia,BF; BOF; DRI; EAF,both
P100000120705,492.0,800.0,0.0,800.0,,32.8,South Korea,EAF,operating
P100000120800,1400.0,2199.0,1300.0,0.0,5200.0,62.0,Serbia,BF; BOF,operating
P100000120422,4000.0,4200.0,5200.0,0.0,3000.0,117.0,Germany,BF; BOF; DRI; EAF,both
P100000120695,12064.0,16200.0,12440.0,3600.0,7759.0,20.0,South Korea,BF; BOF; DRI; EAF,operating
P100000120696,3498.0,4697.0,0.0,4697.0,2244.0,73.0,South Korea,EAF,operating
P100000120697,2532.0,3400.0,0.0,3400.0,1496.0,,South Korea,EAF,operating
P100000120795,1000.0,2900.0,2500.0,2900.0,1072.0,48.0,Qatar,DRI; EAF,operating
P100000120182,14992.0,16760.0,16990.0,0.0,25519.0,26.64,China,BF; BOF,operating
P100000120915,834.0,1320.0,0.0,1320.0,555.0,14.0,Ukraine,EAF,operating
P100000120639,288.0,600.0,0.0,600.0,185.0,75.0,Italy,EAF,operating
P100000120875,5300.0,5800.0,8100.0,0.0,4863.0,51.0,Türkiye,BF; BOF; EAF,operating
P100000120547,548.0,1200.0,1270.0,1200.0,9503.0,30.0,India,BF; DRI; EAF,operating
P100000120652,453.0,900.0,0.0,900.0,218.0,89.0,Japan,EAF,operating
P100000120653,363.0,720.0,0.0,720.0,218.0,93.0,Japan,EAF,operating
P100000120646,302.0,600.0,0.0,600.0,218.0,59.0,Japan,EAF,operating pre-retirement
P100000120647,3400.0,4915.0,4739.0,415.0,5730.0,75.0,Japan,BF; BOF; EAF,operating
P100000120651,500.0,852.0,0.0,852.0,5730.0,51.81,Japan,EAF,operating
P100000120649,11144.0,13002.0,13628.0,0.0,5730.0,61.0,Japan,BF; BOF; DRI,both
P100000120648,6856.0,9999.0,11284.0,0.0,5730.0,59.0,Japan,BF; BOF; EAF,both
P100000120544,690.0,800.0,0.0,800.0,1095.0,56.0,India,EAF,operating
P100000120543,1270.0,2200.0,2000.0,2200.0,1095.0,15.0,India,BF; EAF; IF,operating
P100000120515,4800.0,6000.0,6050.0,3000.0,,13.0,India,BF; BOF; DRI; EAF,operating
P100000120516,3312.0,3600.0,4370.0,3600.0,2652.0,37.0,India,BF; BOF; DRI; EAF,operating
P100000120721,400.0,0.0,0.0,0.0,2500.0,41.0,Moldova,EAF,no active capacity
P100000120510,3540.0,5000.0,4270.0,3500.0,929.0,21.0,India,BF; DRI; EAF; Steel other/unspecified,operating
P100000120517,7858.0,10200.0,10100.0,0.0,929.0,32.0,India,BF; BOF; DRI; Steel other/unspecified,operating
P100000120536,865.0,950.0,1282.0,950.0,1052.0,18.0,India,BF; DRI; EAF,operating
P100000120518,1073.0,1260.0,1366.0,0.0,929.0,28.0,India,BF; BOF,operating
P100000120935,890.0,1500.0,0.0,1500.0,160.0,8.0,United States,EAF,operating
P100000120519,11764.0,11899.0,13570.0,1500.0,929.0,32.0,India,BF; BOF; DRI; EAF; Iron other/unspecified; Steel other/unspecified,both
P100000120538,800.0,5000.0,4500.0,0.0,990.0,2.0,India,BF; BOF,operating
P100000120429,2000.0,2500.0,0.0,2500.0,850.0,71.0,Germany,EAF,operating
P100000120655,5960.0,6591.0,7754.0,0.0,2505.0,56.0,Japan,BF; BOF; DRI; EAF,both
P100000120501,569.0,4000.0,0.0,4000.0,5497.0,49.0,Indonesia,BF; BOF; DRI; EAF; Iron other/unspecified,operating
P100000120961,454.0,1090.0,0.0,1090.0,260.0,23.0,United States,EAF,operating
P100000120181,1580.0,3000.0,2999.0,0.0,3059.0,68.0,China,BF; BOF,operating
P100000120717,1107.0,1710.0,1806.0,1710.0,6800.0,37.0,Libya,DRI; EAF,operating
P100000120225,5237.0,5994.0,5005.0,0.0,6452.0,31.8,China,BF; BOF,operating
P100000120335,1783.0,2000.0,0.0,2000.0,32.0,6.12,China,EAF,operating
P100000120069,16310.0,17340.0,14500.0,830.0,11450.0,73.0,China,BF; BOF; EAF,both
P100000120807,10921.0,14500.0,11126.0,4000.0,16648.0,94.0,Russia,BF; BOF; EAF,both
P100000120722,305.0,550.0,0.0,550.0,973.0,59.0,North Macedonia,EAF,operating
P100000120487,250.0,300.0,0.0,300.0,251.0,49.0,United Kingdom,EAF,operating pre-retirement
P100000120805,3400.0,5799.0,4000.0,1800.0,15196.0,83.0,Russia,BF; BOF; EAF,operating
P100000120812,3500.0,3500.0,3180.0,3500.0,9099.0,42.0,Russia,DRI; EAF,operating
P100000120909,2099.0,3500.0,4349.0,0.0,8865.0,139.0,Ukraine,BF; BOF,operating
P100000120962,653.0,1088.0,0.0,1088.0,350.0,109.0,United States,EAF,operating
P100000120916,2890.0,4102.0,4371.0,0.0,8000.0,93.0,Ukraine,BF; BOF; Steel other/unspecified,operating
P100001062087,350.0,450.0,450.0,0.0,,4.55,India,BF; Steel other/unspecified,operating
P100000121156,20.0,400.0,0.0,400.0,354.0,,Myanmar,DRI; EAF,operating
P100000120679,542.0,600.0,0.0,600.0,434.0,97.0,Japan,EAF,operating
P100000120190,9336.0,10000.0,8600.0,0.0,4839.0,68.0,China,BF; BOF,operating
P100000120540,953.0,1100.0,1100.0,0.0,1400.0,44.0,India,BF; BOF,operating
P100000120664,6090.0,5918.0,4896.0,0.0,3042.0,58.0,Japan,BF; BOF,both
P100000120659,6600.0,10001.0,9200.0,0.0,3547.0,61.0,Japan,BF; BOF,operating
P100000120666,2180.0,3043.0,2500.0,283.0,5051.0,84.0,Japan,BF; BOF; EAF,operating
P100000120662,8350.0,9999.0,10564.0,0.0,2083.0,54.72,Japan,BF; BOF,operating
P100000120663,3700.0,3726.0,4543.0,0.0,1789.0,125.0,Japan,BF; BOF; EAF,both
P100000120661,5470.0,6000.0,9466.0,0.0,3183.0,65.0,Japan,BF; BOF,operating
P100000120658,610.0,3536.0,570.0,720.0,1351.0,87.0,Japan,BOF; DRI; EAF,both
P100001041253,410.0,500.0,0.0,500.0,,71.0,Japan,EAF,operating
P100001041252,200.0,866.0,0.0,866.0,,68.0,Japan,EAF,operating
P100000120808,14300.0,14400.0,14200.0,0.0,27000.0,92.0,Russia,BF; BOF,operating
P100000120523,2000.0,3000.0,3321.0,0.0,5596.0,2.47,India,BF; BOF,operating
P100000120936,906.0,1600.0,0.0,1600.0,1670.0,36.0,United States,EAF,operating
P100000120660,1240.0,2200.0,1240.0,700.0,1026.0,117.0,Japan,BF; BOF; EAF,operating
P100000120938,2247.0,2956.0,0.0,2956.0,975.0,30.0,United States,EAF,operating
P100000121155,380.0,500.0,0.0,500.0,250.0,43.0,United States,EAF,operating
P100000120953,1102.0,1450.0,0.0,1450.0,400.0,4.0,United States,EAF,operating
P100000120939,1751.0,2304.0,0.0,2304.0,850.0,37.0,United States,EAF,operating
P100000120940,692.0,910.0,0.0,910.0,470.0,57.0,United States,EAF,operating
P100000120945,2356.0,3100.0,0.0,3100.0,696.0,29.0,United States,EAF,operating
P100000120946,2069.0,2722.0,0.0,2722.0,700.0,31.0,United States,EAF,operating
P100000120941,1172.0,1542.0,0.0,1542.0,500.0,26.0,United States,EAF,operating
P100000120942,1862.0,2450.0,0.0,2450.0,926.0,34.0,United States,EAF,operating
P100000120948,689.0,907.0,0.0,907.0,400.0,51.0,United States,EAF,operating
P100000120947,603.0,794.0,0.0,794.0,350.0,65.0,United States,EAF,operating
P100000120944,677.0,891.0,0.0,891.0,450.0,18.0,United States,EAF,operating
P100000120943,827.0,1088.0,0.0,1088.0,500.0,47.0,United States,EAF,operating
P100000120951,690.0,908.0,0.0,908.0,100.0,45.0,United States,EAF,operating
P100000120952,646.0,855.0,0.0,855.0,320.0,122.0,United States,EAF,operating
P100000120950,912.0,1200.0,0.0,1200.0,345.0,41.0,United States,EAF,operating
P100000120949,2412.0,3174.0,0.0,3174.0,750.0,38.0,United States,EAF,operating
P100000120017,873.0,1940.0,1100.0,800.0,1900.0,134.0,Bosnia and Herzegovina,BF; BOF; EAF,operating
P100000120628,1500.0,2200.0,0.0,2200.0,1500.0,51.0,Italy,EAF,operating
P100000120699,19295.0,22999.0,24750.0,0.0,4080.0,39.0,South Korea,BF; BOF; DRI; EAF,operating
P100000120700,15752.0,18758.0,17209.0,1357.0,6920.0,53.0,South Korea,BF; BOF; DRI; EAF; Iron other/unspecified,operating
P100000120710,3400.0,6000.0,6450.0,0.0,35000.0,66.0,Kazakhstan,BF; BOF,operating
P100000120531,4411.0,7300.0,7500.0,0.0,12794.0,37.0,India,BF; BOF,operating
P100000120432,2183.0,2700.0,0.0,0.0,800.0,153.0,Germany,BOF; EAF,operating pre-retirement
P100000120525,5658.0,6999.0,7501.0,0.0,16407.0,67.0,India,BF; BOF; Iron other/unspecified,both
P100000120526,4512.0,4652.0,5775.0,0.0,11798.0,54.0,India,BF; BOF; Steel other/unspecified,operating
P100000120527,2260.0,2499.0,2700.0,0.0,7855.0,67.0,India,BF; BOF,both
P100000120524,2437.0,2499.0,2700.0,0.0,5945.0,108.0,India,BF; BOF,operating
P100000120528,4040.0,4200.0,4500.0,0.0,12938.0,67.0,India,BF; BOF,both
P100000120424,4700.0,5200.0,4880.0,0.0,5906.0,25.0,Germany,BF; BOF; DRI; EAF,operating pre-retirement
P100000120484,800.0,1200.0,0.0,1200.0,800.0,20.0,United Kingdom,EAF,operating
P100000120701,1743.0,2101.0,0.0,2101.0,1592.0,29.0,South Korea,EAF,operating
P100000120702,499.0,1200.0,0.0,1200.0,1229.0,60.0,South Korea,EAF,operating
P100000120760,507.0,770.0,0.0,770.0,344.0,80.0,Norway,EAF,operating
P100000120818,10400.0,12201.0,11800.0,2400.0,29341.0,71.0,Russia,BF; BOF; EAF,operating
P100000121004,27.0,1020.0,1290.0,1020.0,12676.0,64.0,Venezuela,DRI; EAF,operating
P100000120853,457.0,726.0,0.0,726.0,1300.0,66.0,Slovenia,EAF,operating
P100000120052,485.0,600.0,0.0,600.0,579.0,84.0,Brazil,EAF,operating
P100000120051,476.0,500.0,0.0,500.0,480.0,11.0,Brazil,EAF,operating
P100000121176,504.0,504.0,175.0,504.0,1300.0,19.0,Brazil,BF; BOF; EAF,operating
P100000120933,626.0,1250.0,0.0,1250.0,700.0,25.0,United States,EAF,operating
P100000120934,1089.0,1200.0,0.0,1200.0,500.0,29.0,United States,EAF,operating
P100000120845,1823.0,2313.0,2564.0,13.0,1200.0,85.0,Sweden,BF; BOF; DRI; EAF,both
P100000120844,848.0,1500.0,1550.0,0.0,2400.0,113.0,Sweden,BF; BOF; EAF,operating pre-retirement
P100000120957,2349.0,3000.0,260.0,3000.0,3150.0,30.0,United States,DRI; EAF,operating
P100000120958,1620.0,2000.0,0.0,2000.0,3150.0,24.0,United States,EAF,operating
P100000120959,2754.0,3400.0,0.0,3400.0,700.0,19.0,United States,EAF,operating
P100000120973,770.0,950.0,0.0,950.0,3015.0,22.0,United States,EAF,operating
P100000120972,478.0,590.0,0.0,590.0,3150.0,71.0,United States,EAF,operating
P100000120960,2205.0,2722.0,0.0,2722.0,700.0,4.0,United States,EAF,operating
P100000120031,450.0,1400.0,0.0,1400.0,1200.0,68.0,Bulgaria,EAF,operating
P100000120032,1205.0,1300.0,1700.0,1300.0,,14.0,Bahrain,DRI; EAF,operating
P100000120575,479.0,525.0,562.0,525.0,2691.0,37.0,India,BF; DRI; EAF; IF; Steel other/unspecified,operating
P100000120535,930.0,1200.0,1295.0,1200.0,2287.0,55.0,India,BF; DRI; EAF,operating
P100000120758,6800.0,7500.0,6500.0,0.0,12299.0,108.0,Netherlands,BF; BOF; DRI; EAF,operating pre-retirement
P100000120529,10227.0,11000.0,11045.0,0.0,32364.0,114.0,India,BF; BOF,operating
P100000120852,259.0,750.0,0.0,750.0,1000.0,65.0,Singapore,EAF,operating
P100000120530,4390.0,8000.0,6500.0,0.0,3611.0,10.0,India,BF; BOF,operating
P100000120511,4928.0,5510.0,7200.0,422.0,1425.0,19.0,India,BF; BOF; DRI; EAF; IF; Steel other/unspecified,operating
P100000120482,2990.0,0.0,0.0,0.0,2000.0,121.0,United Kingdom,BF; BOF; EAF,no active capacity
P100000120731,1038.0,1230.0,0.0,1230.0,7500.0,72.0,Mexico,EAF,operating
P100000120007,1034.0,1720.0,960.0,1720.0,2993.0,65.57,Argentina,DRI; EAF,operating
P100000120734,489.0,600.0,0.0,600.0,251.0,33.0,Mexico,EAF,operating
P100000120038,3973.0,5200.0,5300.0,0.0,8000.0,16.0,Brazil,BF; BOF,operating
P100000120729,1956.0,2400.0,1730.0,2400.0,,83.0,Mexico,DRI; EAF,operating
P100000120728,650.0,1330.0,930.0,1330.0,575.0,57.0,Mexico,DRI; EAF,operating
P100000120008,1700.0,3501.0,4015.0,0.0,2074.0,66.0,Argentina,BF; BOF,operating
P100000120668,453.0,678.0,0.0,678.0,257.0,54.3,Japan,EAF,operating
P100000120669,473.0,708.0,0.0,708.0,257.0,63.39,Japan,EAF,operating
P100000120670,1738.0,2600.0,0.0,2600.0,257.0,15.72,Japan,EAF,operating
P100000120671,535.0,800.0,0.0,800.0,257.0,30.3,Japan,EAF,operating
P100001045582,290.0,550.0,200.0,0.0,700.0,12.1,Vietnam,BF; BOF,operating
P100000120732,1012.0,1650.0,0.0,1650.0,2300.0,33.0,Mexico,EAF,operating
P100000120419,2425.0,2800.0,2263.0,200.0,6000.0,187.0,Czech Republic,BF; BOF; EAF,both
P100000120854,3476.0,4500.0,4500.0,0.0,7712.0,61.0,Slovakia,BF; BOF,operating
P100000120928,2079.0,6022.0,0.0,6022.0,745.0,10.0,United States,DRI; EAF,operating
P100000120964,1638.0,2600.0,2770.0,0.0,650.0,151.0,United States,BF; BOF,operating
P100000120965,1008.0,1600.0,0.0,1600.0,750.0,6.0,United States,EAF,operating
P100000120966,4914.0,7800.0,6495.0,0.0,2246.0,118.0,United States,BF; BOF,operating
P100000120043,3186.0,5000.0,3660.0,0.0,6500.0,64.0,Brazil,BF; BOF,operating
P100000121001,781.0,1100.0,0.0,1100.0,10343.0,82.0,Uzbekistan,EAF,operating
P100000120044,664.0,1000.0,350.0,1000.0,2500.0,15.0,Brazil,BF; EAF,operating
P100000120011,1473.0,1570.0,1651.0,0.0,1356.0,148.0,Austria,BF; BOF; DRI; EAF,both
P100000120010,5627.0,6000.0,5000.0,0.0,9150.0,86.0,Austria,BF; BOF; DRI; EAF,both
